Sentence,Translation,Score
"quella guerra ben fatta l' opera perché etc. Et dall' altra parte Aiaces era uno cavaliere franco e prode all' arme, di gran guisa, ma non era pieno di grande senno","Quella guerra è stata ben fatta perché etc. E dall'altra parte, Aiaces era un cavaliere francese e prode all'arme, di gran guisa, ma non era pieno di grande senno.",4
"crudele, e di tutte le colpe pigli vendetta, come dice la legge, ed a neuno cavaliere perdoni che pecchi.","Cruel, and of all the sins takes revenge, as the law says, and to no knight pardons who sins.",3
"Non d' altra forza d' animo fue ornato Ponzio Aufidiano, romano cavaliere.","Non d' altra forza d' animo fu ornato Ponzio Aufidiano, romano cavaliere.",5
"Se questo piace a tutti e se 'l tempo hae bisogno d'avere Pompeio per cavaliere e non per compagno, non riterrò più i fati.","Se questo piace a tutti e se il tempo ha bisogno di avere Pompeio come cavaliere e non come compagno, non riterrò più i fati.",5
"Officio di questa arte pare che sia dicere appostatamente per fare credere, fine è far credere per lo dire.","L'arte di questo ufficio sembra essere quella di dire specificamente per far credere, il fine è far credere per lo dire.",2
Ecco e larghi ventipiovoli caggiono delle risolute nebbie; e potresti credere che tutto il cielo cadesse nel mare,Ecco e larghi ventipiovoli caggiono delle risolute nebbie; e potresti credere che tutto il cielo cadesse nel mare,3
"Però che or chi spererebbe quello che eziandio questi che non vogliono ancora credere in Cristo, già veggiono con noi, e perché nol possono negare, stridono colli denti.","""Ma che or chi spererebbe quello che questi che non vogliono ancora credere in Cristo, già vedono con noi, e perché non possono negarlo, stridono colli denti.""",4
I vendimenti de' morti et le presure de' vivi fece la frode d'uno feroce re.,La vendita dei morti e la pressione dei vivi ha portato alla truffa di un crudele re.,4
"Acciocché quegli, il quale ora per le sue gran reità è feroce e onorevole, egli d'ogni male afflitto e tormentato della impietà verso il mio padre.","""Perché quegli, che ora per le sue grandi virtù è feroce e onorevole, egli d'ogni male afflitto e tormentato dalla impietà verso il mio padre.""",2
Gli uomini spessamente a stare fermi nella bugia incontra la verità.,"Gli uomini che si trovano spesso in una bugia, incontrano la verità.",3
"Marco Cornelio ch'era de' dieci compagni, studiosamente  si riservò di parlare all'ultimo.","Marco Cornelio, uno dei dieci compagni, decise di parlare all'ultimo.",4
cose ch'io sapeva che erano fatte in Italia.,cose che so essere fatte in Italia.,5
Corbio nipote d' Ortensio menò sua vita più bassa e più viziosa,La nipote di Ortensio ha condotto la sua vita più bassa e più viziata.,2
"Altressì uno amante chiamando merzé alla sua donna dice parole e ragioni molte, et ella si difende in suo dire.","""Inoltre, un amante chiamando misericordia alla sua donna dice parole e ragioni molte, e lei si difende nel suo discorso.""",4
"Io mi ricordo (ch. 347) che essendo adirato scapigliai la mia donna. Ohi, quanti dì questa ira mi tolse!","Io ricordo (ch. 347) che essendo arrabbiato ho scagliato la mia donna. Oh, quanti giorni questa rabbia mi ha tolto!",2
colui del quale tu tti solevi dolere ch' era amante della tua donna;,"""Quello di cui tu ti lamenti per aver sofferto, era un uomo che era innamorato della tua donna.""",3
"Ma no sapeano già le nomora di coloro dela congiurazione, ché la donna no nominava già li nomi.","Non sapevano ancora i nomi dei cospiratori, perché la donna non aveva ancora rivelato i loro nomi.",5
"Creti?  Certo quand'elli si mosse, elli ti dixe: ""O fedele mia donna, fa' che in mio luogo ti sia racomandato il nostro hoste troiano"".","""Creti? Certo quando si muovevano, mi dicevano: 'O fedele mia donna, facci che nel mio luogo ti sia raccomandato il nostro ospite troiano'.""",3
"A Milano fue ripressa la malvagità d' una donna in simile bugìa, nel tempo medesimo di questo signore della republica, in questo modo: ","A Milano fu repressa la malvagità d' una donna in simile bugìa, nel tempo medesimo di questo signore della repubblica, in questo modo:",5
"E lamentavansi dell'iniquità d'Appio, e ripiagnevano la malavventurata beltà della pulcella e la necessità del padre.","E lamentavansi dell'iniquità d'Appio, e ripiagnevano la malavventurata beltà della pulcella e la necessità del padre.",3
"Nella quale battaglia, certo io ebbi sempre ardire di ragionare di pace e sempre mi dolfi che non solamente la pace era schifata,","In quale battaglia, certo io avevo sempre coraggio di parlare della pace e sempre mi lamentavo che non solo la pace era stata offesa,",4
"la seconda suole talora per la grande provedenzia fare timoroso, e la prima per l'ardire rendere altrui matto.","La seconda volta può essere spaventosa a causa della grande provvidenza, mentre la prima può far diventare pazzi gli altri per il coraggio.",5
Andò nel campo de' Cartaginesi e tutta la legione trasse seco.,Andò nel campo dei Cartaginesi e portò con sé l'intera legione.,5
"Non lo volle cognoscere per nimico. Qesta è quella, la quale diede ardire al profeta Natan a riprendere con grande autoritade quello re, il quale avea peccato.","Non voleva riconoscerlo come nemico. Questa è la stessa persona che diede coraggio al profeta Natan per riprendere con grande autorità quel re, il quale aveva peccato.",5
"l'armi et insieme con loro passaseno tra li nimici, perçò se alcuno non avesse ardire de questo et sì avevano questo animo.","""Armi e insieme con loro si passano tra i nemici, perciò se nessuno non avesse il coraggio di farlo e avesse questo spirito.""",2
Unde ragionevolemente Iob è interpretato dolente;,"Io sono un uomo sfortunato, ma non ho mai perso la speranza.",1
"quello che sopra tutti gli altri perdonasse a' cittadini, e a cui più sicuramente possiate credere; poi ch'egli fu vostro comandatore.","""Quello che sopra tutti gli altri perdonasse ai cittadini, e a cui più sicuramente potete credere; poi che fu il vostro comandante.""",5
"in vano si domanda chi questo Libro scrivesse, con ciò sia cosa che fedelmente si debba credere che l'Auttore di quello fusse lo Spirito santo.","""In vano si chiede chi abbia scritto questo libro, con ciò sia cosa che fedelmente si debba credere che l'autore di quello fosse lo Spirito Santo.""",5
"se non fosse usatissima, ciò parrebbe certo molto più incredibile: certo più agevolmente si può credere quello, posto che l'umano spirito al divino, ed il mutabile allo incommutabile","Se non fosse usatissima, ciò parrebbe certo molto più incredibile; certo più agevolmente si può credere quello, posto che l'umano spirito al divino, ed il mutabile allo incommutabile.",3
che prendessero la paga dal camarlingo per loro dispensa et immantenente andassero alla presenzia di messer lo papa per contradiare il passamento de' cavalieri che veniano di Cecilia in Toscana,che prendessero la paga dal camarlingo per loro dispensa et immantenente andassero alla presenza di messer lo papa per contradiare il passaggio dei cavalieri che venivano da Cecilia in Toscana,4
"Teseo reguardò Achelao fortemente meravigliandose e disse così: ""O messer Achelao, io vi prego che voi me diciate in che modo voi perdeste","Teseo guardò Achelao con grande meraviglia e disse così: ""O messer Achelao, mi prego di raccontarmi come avete perso"".",4
"Io spero in messer Iesù di mandare tosto a voi Timoteo, acciocché io sia d'animo buono","Spero che il Signore Gesù ti invii presto, così posso essere di buon umore.",3
sanza fallo lo porco salvatico avanza l' uomo d' udire e 'l lupo cerviere del vedere,Il maiale selvaggio si avvicina all'uomo per ascoltare e il lupo cerviere per vedere.,4
uno luogo si mandano lancioni;  la quale cosa i cavalieri l' appellano capo di porco,Uno luogo si mandano lancioni; la quale cosa i cavalieri l' appellano capo di porco,3
tenda le reti a li cerbi e sa bene in quali valle dimori il furioso porco cinghiare.,"""Tenda le reti a li cerbi e sa bene in quali valle dimori il furioso porco cinghiare.""",3
"Ora spaventerai li disidirosi cervi con varie e diverse paure, o lo porco cenghiare caggia in terra passato collo spiedo.","Ora spaventerai li disidirosi cervi con varie e diverse paure, o lo porco cenghiare caggia in terra passato collo spiedo.",3
"tratta la natura delle cose incorporali le quali non conversano intra lle corpora, sì come Dio e le divine cose.","Le cose incorporee, che non possono interagire con i corpi, come Dio e le cose divine.",4
"Dio, per la quale si dispensano et iudicano tutte le cose.","Dio, per cui si dispensano e giudicano tutte le cose.",5
"Unde gli poeti, parlando de lloro, dicono le virtute loro e dicono fabolosamente gli loro difetti, quando alcuna passava l'ordine a lloro deputato","I poeti, parlando di se stessi, dicono le loro virtù e descrivono fabolosamente i loro difetti, quando qualcuno passa l'ordine a loro assegnato.",4
"e quella cosa, la quale è diricta et onesta, e con virtute, quella sola penso essere lo bene.","Quella cosa, che è diretta e onesta, e con virtù, quella sola penso essere il bene.",5
"Quando li serpenti invellenava di giorno alcuno Romano, allora iera la maraviglia a vedere come li Psille si combattevano al veleno, ché elli imolavano tutto inazzi della loro salive","Quando i serpenti avvolgevano alcuni Romani di giorno, allora era meraviglia vedere come si combattevano contro il veleno, perché imolavano tutto prima della loro saliva.",3
"Dice il poeta: oh, che bella cosa è vedere apertamente con gli occhi quando tu glel fai diretro o in culo o in altro","Il poeta dice: Oh, quanto bello è vedere apertamente con gli occhi quando lo dici tu di fronte o dietro o in altro.",2
"ma pur questo fu colpa tua, però che volesti cercare di vedere con gli occhi corporali la cosa invisibile.","Ma pur questo è stato il tuo errore, ma volevi provare a vedere con gli occhi fisici la cosa invisibile.",4
"Vero è, ma non tine rispondo in questo tempo, perciò che ttu se' mio servo, o perciò ch' è tempo feriato, o perciò ch' io non debbo risponderti","""È vero, ma non ti rispondo in questo momento, perché sei il mio servitore, o perché è tempo di festa, o perché devo rispondere a te.""",3
sì convene che lli desse grande avere perché · lasciasse andare via.,"Sì, è chiaro che lui ha un grande potere perché lascia andare via.",3
"notabile esemplo a ciascuno che si guardasse di fare e di pensar tradigione, il servo, il quale gli avea accusati, fu francato, e fugli donata grande quantità di moneta","Un esempio notevole per chiunque si prendesse cura di fare e pensare tradizionale, il servo, che gli aveva accusato, fu liberato, e gli furono date grandi quantità di moneta.",3
che sarebbe a llui cosa sconcia se ll'avesse commesso sì che lla colpa del servo e 'l gastigamento di Platone avesse meritato egualmente.,"Che sarebbe a lui cosa sconcia se l'avesse commesso, sì che la colpa del servo e il gastigamento di Platone avrebbero meritato egualmente.",4
"mostroe massimamente le forze sue, dando lui re a questa cittade ne la quale nacque servo; al quale avvenne lunghissimamente lo imperio tenere","""Mostra massimamente le sue forze, dando lui re a questa città dove nacque servo; al quale avvenne lunghissimamente lo imperio tenere.""",3
l' anima muta la sua forza per la propietade di quello corpo a cui ella si congiunge.,L'anima muore la sua forza per la proprietà del corpo a cui si unisce.,2
"sono due già non in una carne, ma in uno spirito, cioè Iddio, e l' anima. Onde in altro luogo dice S. Paolo: Chi s' accosta a Dio è uno spirito","Sono due già non in una carne, ma in uno spirito, cioè Iddio, e l' anima. Onde in altro luogo dice S. Paolo: Chi s' accosta a Dio è uno spirito",3
"per tanto che Lucano il disse, il vi racontiamo. Ivi, quando l'anima di Pompeo ebe sentito la chiarità di lasusso, ella sì cognobe prima in  grande","Lucano disse che il vi raccontiamo. Lì, quando l'anima di Pompeo ebbe sentito la chiarità di lasusso, ella sì cognobe prima in grande.",3
"Sicchè dolore è a udire, quando l' usare l' arme e la fatica ricusano, con grandissimo disonore come pecore essere","La traduzione della frase dall'italiano antico all'italiano moderno è: ""Quanto dolore è udire, quando l'uso dell'arma e la fatica si rifiutano, con grande disonore come pecore essere"".",3
et nonn ebbe in fastido Cristo cotali parole d'udire.,Et nonn ebbe in fastidio Cristo cotali parole d'udire.,3
"la moltitudine de' quali tu ài potuto vedere e riguardare lo studio e poco dinanzi udire le voci, e lle cui mani e lance apena posso ritenere.","""la moltitudine de' quali tu hai potuto vedere e riguardare lo studio e poco dinanzi udire le voci, e lle cui mani e lance apena posso ritenere.""",3
"udire di belle novelle et odorare di belli fiori, come et quando et quanto si conviene","Udire di belle novelle e odorare di belli fiori, come e quando e quanto si deve.",5
"Il re entrò in uno giardino dietro al suo albergo, quasi come s'egli andasse pensando alla risposta.","Il re entrò in un giardino dietro l'albergo, quasi come se stesse pensando alla risposta.",5
"Ma io disioso colà dove io non posso col corpo andare, con la mente vi volo","Ma io desideroso di lì dove io non posso andare con il corpo, con la mente vi vado",4
Ed ecco di subito tutta questa turba degli uccelli si levò a volo dietro all'aquila,"Ecco, tutti gli uccelli della folla si sono alzati in volo dietro all'aquila.",5
Vede anche le ragioni del volo degli uccielli e di tutte le cose sa rendere vero giudicio.,Vedi anche le ragioni del volo degli uccelli e di tutte le cose sa rendere vero giudizio.,4
Or ecco quanto per la sua superbia questo uccello volava in alto.,"""Ecco quanto per la sua superbia, questo uccello volava in alto.""",4
"Gorgone, e ho questa proprietà che io volo per l'aire sì come uno ucello"".","""Gorgone, e ho questa proprietà che io volo per l'aria così come un uccello.""",5
"quando nella matricola si scrivono giurano per Dio, e per Cristo, e per lo Spirito Santo","Quando nella matricola si scrive il giuramento di Dio, di Cristo e dello Spirito Santo.",4
"per necessitade i' ridico ke, secondo il comandamento tuo, padre santo Agostino, le battaglie già state nel mondo [..]","Per necessità io mi ritiro, secondo il tuo comando, santo Agostino padre, le battaglie che sono già state nel mondo [..]",3
"molto di maggiore memoria saranno faccendole al re, perciò che nella nostra cittade sempre fue santo e glorioso il nome reale, e sse furono compagni fue il loro nome santissimo;","Molti di maggiore memoria saranno facendole al re, perciò che nella nostra città sempre fu santo e glorioso il nome reale, e se furono compagni fu il loro nome santissimo;",3
"Non voglio, che insuperbischi per lo santo proposito, e voto della verginità vedendo le sue laudi","Non voglio, che insuperbischi per lo santo proposito, e voto della verginità vedendo le sue laudi",3
"Santo Agostino fece u· libro ch'avea nome ""Agostino Della Città di Dio"".","Santo Agostino scrisse un libro che si intitolava ""Agostino Della Città di Dio"".",4
Gregorio. Non udii mai che egli avesse maestro; ma il dono dello Spirito Santo non si può stringere a legge.,Gregorio. Non ho mai sentito dire che avesse un maestro; ma il dono dello Spirito Santo non può essere limitato da una legge.,5
Verbigrazia: Mercatanti fiorentini passavano in nave per andare oltramare.,I mercanti di Firenze navigavano in nave per andare oltremare.,4
"Quando averai nel cavaliere i detti segni veduti non andare a grandezza caendo, perchè nelle battaglie sono più utili i forti che i grandi.","""Quando avrai nel cavaliere i detti segni visti non andare a grandezza cadendo, perché nelle battaglie sono più utili i forti che i grandi.""",3
"e, cosa che anche è più grave, cioè essere preso, o vero fuggire, e suo Comune lasciare vincere.","E, cosa che ancora è più grave, cioè essere preso, o vero fuggire, e suo Comune lasciare vincere.",3
"Sappiate veramente, che se noi non ci fossimo sì affrettati del fuggire, noi saremmo tutti morti.","Sapete davvero, che se noi non ci fossimo sì affrettati del fuggire, noi saremmo tutti morti.",3
"Tarco cretense che in aiuto era alli nimici avrebbe potuto fuggire, ma la vergogna d'abbandonare li nobilissimi cavalieri della gente achea poco avanti da lui","Tarco cretense che in aiuto era alli nimici avrebbe potuto fuggire, ma la vergogna d'abbandonare li nobilissimi cavalieri della gente achea poco avanti da lui.",3
"e l' acconciamento a fare grandissime cose, cioè a ttenere pace et amare Idio e 'l proximo, a ffare cittadi, castella e magioni","E l'acconciamento a fare grandi cose, cioè a tener pace et amare Dio e 'l prossimo, a ffare cittadi, castella e magioni.",4
colui che ancora non sa amare il prossimo come sé medesimo già cominci a temere i giudicii di Dio. ,"Chi non conosce l'amore per il prossimo, già comincia a temere i giudizi di Dio.",5
"L'ucello, poi che hae impaniate le ali, non fugge salvamente, né llo porco salvatico esce bene delle reti ove cade.","L'uccello, dopo aver spiegato le ali, non fugge sicuramente, né il maiale selvatico esce bene dalle reti dove cade.",5
"Io gli apersi, e quelli fuggitte. E che bisogno è, che lo cuore tuo stia chiuso al tuo sposo Cristo?","""Io gli apersi, e quelli fuggitte. E che bisogno è, che lo cuore tuo stia chiuso al tuo sposo Cristo?""",3
"E dunque, da che queste cose son così, Catellina, e tu non puoi buonamente qui dimorare, dubiti tu d'andartene in alcuna terra ed usare questa vita fuggendo per li diserti","E quindi, da che queste cose sono così, Catellina, e tu non puoi buonamente qui dimorare, dubiti tu d'andartene in alcuna terra ed usare questa vita fuggendo per li diserti.",3
"Questi due, volendo contra la voglia del senato dimorare ne l'ufficio del tribunato, furono morti da la plebe, incitandola i padri coscritti.","Questi due, volendo contrari alla voglia del senato dimorare nell'ufficio del tribunato, furono uccisi dalla plebe, incitandola dai padri coscritti.",4
"i giovani, a cui il difendimento delle provincie, e la ventura di tutta la battaglia si commette","I giovani, che sono incaricati della difesa delle province e del rischio di tutta la battaglia.",5
"da' monti de' Romani si feciero nuovi nemici; contra i quali è conbactuto cum diversa ventura: perké nela primaia battaglia, essendo consolo Valerio, MMMD ne moriro de' Romani;","Dai monti dei Romani si fecero nuovi nemici; contro i quali è combattuto con diversa fortuna: perché nella prima battaglia, essendo console Valerio, MMMD ne morirono di Romani.",4
"noi iscaciati e dipartiti per debito dela cittade, e tutti iscaciati da fama e da ventura buona.",Noi siamo partiti dalla città a causa di un debito e tutti noi siamo stati lasciati dalla fama e dalla fortuna.,4
pregaste gli dei per me; e' vostri preghieri valsono: e se voi domandate chi ebbe ventura di questa battaglia; io non fui vinto da colui.,Prega gli dei per me; e' le vostre preghiere valgono: e se voi domandate chi ebbe fortuna di questa battaglia; io non fui sconfitto da lui.,4
"una villa chiamata Vitermina, con ciò fosse cosa che piusori principi di scherani corressero per ventura a quel tempo a vederlo, Scipione, stimando che venissero per isforzarlo, allogò ne la casa","Una villa chiamata Vitermina, con cui fosse cosa che i principi di scherani corressero per ventura a quel tempo a vederlo, Scipione, stimando che venissero per isforzarlo, allogò ne la casa.",3
contra lui e contra le sue sorelle  e contra il reame e contra l' alto pregio della sua ingenerazione e della sua familia,"Contro di lui e contro le sue sorelle, e contro il regno e contro l'alto onore della sua discendenza e della sua famiglia.",5
"Allora che il navilio si fue impinto e messo in alto mare per andare diritto per mezo questo trapasso periglioso, l'aira divenne nuvolosa e pioveginosa","Allora il navilio si mise in alto mare per andare diritto per mezzo di questo passaggio pericoloso, l'aria divenne nuvolosa e pioveginosa.",4
"ne salìo in su l'argine del fosso, e in su lo steccato, se da alto si potessero difendere, o per alcuna maniera passare oltre e scampare.","Salì sulla riva del fossato, sul palo di legno, se potesse difendersi da lassù o passare oltre e fuggire.",4
"Ma l' occhio della intelligenza è più alto. Perciò che, passata la grandezza della universitade, quella medesima semplice forma vede nella sottil vista","Ma l' occhio della intelligenza è più alto. Perciò che, passata la grandezza della universitade, quella medesima semplice forma vede nella sottil vista",3
"Et se l' occhio è nobile membro del corpo dell' uomo, dunque la salutazione è nobile parte della pistola, c' altressì allumina tutta la lettera come l' occhio allumina l' uomo.","Se l'occhio è il membro nobile del corpo dell'uomo, allora la salutazione è la parte nobile della pistola, che illumina tutta la lettera come l'occhio illumina l'uomo.",3
"Tarentini, i quali erano nati di quegli di Lacedemonia et facta da lloro nobile cittade de' Greci.","Tarentini, che erano nati di quelli di Sparta e fatti da loro nobili cittadini greci.",5
"Ulecois, ebe un uomo rico e nobile: Orgentore fue chiamato per nome.","Ulecois, era un uomo ricco e nobile: Orgentore fu chiamato per nome.",5
"però che, sse nobile cosa e alta è abatte il nimico, ampoi nonn è meno laudabile sapere avere misiricordia","Ma che, se una cosa nobile e alta è abbassare il nemico, non è meno lodevole conoscere avere misericordia.",4
"Alexandri, ciò è il genero e 'l figliuolo, da Phausonia, gentile iovane di Macedonia, stando in uno luogo strecto sanza guardia, fue morto.","""Alexandri, questo è il genero e il figlio, da Phausonia, giovane nobile di Macedonia, mentre si trovava in un luogo stretto senza guardia, fu ucciso.""",4
"Alchuno è riccho e gentile, ma lamentasi che vorebbe avere altra moglie che quella ch'egli à.","Alcuni sono ricchi e gentili, ma si lamentano di voler avere un'altra moglie che quella che hanno.",5
"Pietro, essendogli mostrato in figura il populo Gentile, sì gli fu detto: ammazza, e mangia","Pietro, dopo averlo visto in figura il popolo gentile, gli disse: uccidi e mangia.",3
"pregollo che lo liberasse di quella obbligazione, in che egli l' aveva lasciato ubbligato. El gentile uomo assentì, e liberollo, e fecene carta.","""Il gentile uomo accettò di liberarlo dalla sua obbligazione, che aveva lasciato incatenato.""",3
"L'oro verrà dall'Aquilone. Che figuriamo noi per l'Aquilone, se non il populo Gentile congelato dal freddo del peccato, il qual populo tenne sotto il giogo della sua tirannia","L'oro verrà dall'Aquilone. Che figuriamo noi per l'Aquilone, se non il popolo gentile congelato dal freddo del peccato, il quale popolo tenne sotto il giogo della sua tirannia",4
"sia in mezzo tra me e te: con noi non puo' tu già più lungamente dimorare, ch'io non lo sofferrò e non lo lascerò.","""sia in mezzo tra me e te: con noi non puoi più lungamente dimorare, ch'io non lo soffrirò e non lo lascerò.""",4
